Product Name,Price
Beesline Lip Care Ultrascreen SPF30 4 g,KWD2.250
Beesline Whitening Roll-On Deodorant Instant White 50 ml (1+1),KWD8.050
Beesline Whitening Super Dry Roll-On Deodorant Jouri Rose 50Ml -6978,KWD8.000
Beesline Whitening Roll-On Deodorant Sport Plus 50 Ml,KWD4.900
Beesline Whitening Roll-On Deodorant Pacific Islands 50 Ml,KWD4.900
Beesline Whitening Roll-On Deodorant Beauty Pearl 50 Ml,KWD4.900
Beesline Whitening Roll-On Deodorant Arabian Oud 50 Ml,KWD4.900
Beesline Whitening Intimate Wash 200 Ml,KWD6.950
Beesline Sensifresh Whitening Sensitive Zone Deodorant 150 Ml,KWD6.900
Beesline Roll On Whitening Invisible Touch Deodorant 50 Ml,KWD5.300
Beesline Roll On Whitening Elder Rose Deodorant 50 Ml,KWD4.900
Beesline Roll On Whitening Cool Breeze Deodorant 50 Ml,KWD4.900
Beesline Roll On Fragrance Free Whitening Deodorant 50 Ml,KWD4.900
